Type,Collection,Station,Group,Subdirectory,Experience,Cooking Time (Ticks),Output Item,Output Count,Input Item,Input Item,Input Item,Input Item,Input Item,Input Item,Input Item,Input Item,Input Item
normal,custom,stonecutting,,,,,acacia_button,1,acacia_planks,,,,,,,,
normal,custom,stonecutting,,,,,acacia_door,1,acacia_planks,,,,,,,,
normal,custom,stonecutting,,,,,acacia_fence,1,acacia_planks,,,,,,,,
normal,custom,stonecutting,,,,,acacia_fence_gate,1,acacia_planks,,,,,,,,
normal,custom,stonecutting,,,,,acacia_log,1,acacia_wood,,,,,,,,
normal,custom,stonecutting,,,,,acacia_log,1,stripped_acacia_log,,,,,,,,
normal,custom,stonecutting,,,,,acacia_log,1,stripped_acacia_wood,,,,,,,,
normal,custom,stonecutting,,,,,acacia_planks,1,acacia_button,,,,,,,,
normal,custom,stonecutting,,,,,acacia_planks,1,acacia_door,,,,,,,,
normal,custom,stonecutting,,,,,acacia_planks,1,acacia_fence,,,,,,,,
normal,custom,stonecutting,,,,,acacia_planks,1,acacia_fence_gate,,,,,,,,
normal,custom,stonecutting,,,,,acacia_planks,4,acacia_log,,,,,,,,
normal,custom,stonecutting,,,,,acacia_planks,1,acacia_pressure_plate,,,,,,,,
normal,custom,stonecutting,,,,,acacia_planks,1,acacia_sign,,,,,,,,
normal,custom,stonecutting,,,,,acacia_planks,1,acacia_slab,,,,,,,,
normal,custom,stonecutting,,,,,acacia_planks,1,acacia_stairs,,,,,,,,
normal,custom,stonecutting,,,,,acacia_planks,1,acacia_trapdoor,,,,,,,,
normal,custom,stonecutting,,,,,acacia_pressure_plate,1,acacia_planks,,,,,,,,
normal,custom,stonecutting,,,,,acacia_sign,1,acacia_planks,,,,,,,,
normal,custom,stonecutting,,,,,acacia_slab,1,acacia_planks,,,,,,,,
normal,custom,stonecutting,,,,,acacia_stairs,1,acacia_planks,,,,,,,,
normal,custom,stonecutting,,,,,acacia_trapdoor,1,acacia_planks,,,,,,,,
normal,custom,stonecutting,,,,,acacia_wood,1,acacia_log,,,,,,,,
normal,custom,stonecutting,,,,,andesite,1,andesite_slab,,,,,,,,
normal,custom,stonecutting,,,,,andesite,1,andesite_stairs,,,,,,,,
normal,custom,stonecutting,,,,,andesite,1,andesite_wall,,,,,,,,
normal,custom,stonecutting,,,,,andesite,1,polished_andesite,,,,,,,,
normal,custom,stonecutting,,,,,andesite,1,polished_andesite_slab,,,,,,,,
normal,custom,stonecutting,,,,,andesite,1,polished_andesite_stairs,,,,,,,,
normal,custom,stonecutting,,,,,birch_button,1,birch_planks,,,,,,,,
normal,custom,stonecutting,,,,,birch_door,1,birch_planks,,,,,,,,
normal,custom,stonecutting,,,,,birch_fence,1,birch_planks,,,,,,,,
normal,custom,stonecutting,,,,,birch_fence_gate,1,birch_planks,,,,,,,,
normal,custom,stonecutting,,,,,birch_log,1,birch_wood,,,,,,,,
normal,custom,stonecutting,,,,,birch_log,1,stripped_birch_log,,,,,,,,
normal,custom,stonecutting,,,,,birch_log,1,stripped_birch_wood,,,,,,,,
normal,custom,stonecutting,,,,,birch_planks,1,birch_button,,,,,,,,
normal,custom,stonecutting,,,,,birch_planks,1,birch_door,,,,,,,,
normal,custom,stonecutting,,,,,birch_planks,1,birch_fence,,,,,,,,
normal,custom,stonecutting,,,,,birch_planks,1,birch_fence_gate,,,,,,,,
normal,custom,stonecutting,,,,,birch_planks,4,birch_log,,,,,,,,
normal,custom,stonecutting,,,,,birch_planks,1,birch_pressure_plate,,,,,,,,
normal,custom,stonecutting,,,,,birch_planks,1,birch_sign,,,,,,,,
normal,custom,stonecutting,,,,,birch_planks,1,birch_slab,,,,,,,,
normal,custom,stonecutting,,,,,birch_planks,1,birch_stairs,,,,,,,,
normal,custom,stonecutting,,,,,birch_planks,1,birch_trapdoor,,,,,,,,
normal,custom,stonecutting,,,,,birch_pressure_plate,1,birch_planks,,,,,,,,
normal,custom,stonecutting,,,,,birch_sign,1,birch_planks,,,,,,,,
normal,custom,stonecutting,,,,,birch_slab,1,birch_planks,,,,,,,,
normal,custom,stonecutting,,,,,birch_stairs,1,birch_planks,,,,,,,,
normal,custom,stonecutting,,,,,birch_trapdoor,1,birch_planks,,,,,,,,
normal,custom,stonecutting,,,,,birch_wood,1,birch_log,,,,,,,,
normal,custom,stonecutting,,,,,blackstone,1,blackstone_slab,,,,,,,,
normal,custom,stonecutting,,,,,blackstone,1,blackstone_stairs,,,,,,,,
normal,custom,stonecutting,,,,,blackstone,1,blackstone_wall,,,,,,,,
normal,custom,stonecutting,,,,,blackstone,1,chiseled_polished_blackstone,,,,,,,,
normal,custom,stonecutting,,,,,blackstone,1,cracked_polished_blackstone_bricks,,,,,,,,
normal,custom,stonecutting,,,,,blackstone,1,polished_blackstone,,,,,,,,
normal,custom,stonecutting,,,,,blackstone,1,polished_blackstone_brick_slab,,,,,,,,
normal,custom,stonecutting,,,,,blackstone,1,polished_blackstone_brick_stairs,,,,,,,,
normal,custom,stonecutting,,,,,blackstone,1,polished_blackstone_brick_wall,,,,,,,,
normal,custom,stonecutting,,,,,blackstone,1,polished_blackstone_bricks,,,,,,,,
normal,custom,stonecutting,,,,,blackstone,1,polished_blackstone_button,,,,,,,,
normal,custom,stonecutting,,,,,blackstone,1,polished_blackstone_pressure_plate,,,,,,,,
normal,custom,stonecutting,,,,,blackstone,1,polished_blackstone_slab,,,,,,,,
normal,custom,stonecutting,,,,,blackstone,1,polished_blackstone_stairs,,,,,,,,
normal,custom,stonecutting,,,,,blackstone,1,polished_blackstone_wall,,,,,,,,
normal,custom,stonecutting,,,,,brick_slab,1,terracotta,,,,,,,,
normal,custom,stonecutting,,,,,brick_stairs,1,terracotta,,,,,,,,
normal,custom,stonecutting,,,,,brick_wall,1,terracotta,,,,,,,,
normal,custom,stonecutting,,,,,bricks,1,terracotta,,,,,,,,
normal,custom,stonecutting,,,,,chiseled_nether_bricks,1,netherrack,,,,,,,,
normal,custom,stonecutting,,,,,chiseled_red_sandstone,1,red_sand,,,,,,,,
normal,custom,stonecutting,,,,,chiseled_sandstone,1,sand,,,,,,,,
normal,custom,stonecutting,,,,,chiseled_stone_bricks,1,cobblestone,,,,,,,,
normal,custom,stonecutting,,,,,clay,1,terracotta,,,,,,,,
normal,custom,stonecutting,,,,,cobbled_deepslate,1,chiseled_deepslate,,,,,,,,
normal,custom,stonecutting,,,,,cobbled_deepslate,1,cobbled_deepslate_slab,,,,,,,,
normal,custom,stonecutting,,,,,cobbled_deepslate,1,cobbled_deepslate_stairs,,,,,,,,
normal,custom,stonecutting,,,,,cobbled_deepslate,1,cobbled_deepslate_wall,,,,,,,,
normal,custom,stonecutting,,,,,cobbled_deepslate,1,cracked_deepslate_bricks,,,,,,,,
normal,custom,stonecutting,,,,,cobbled_deepslate,1,cracked_deepslate_tiles,,,,,,,,
normal,custom,stonecutting,,,,,cobbled_deepslate,1,deepslate_brick_slab,,,,,,,,
normal,custom,stonecutting,,,,,cobbled_deepslate,1,deepslate_brick_stairs,,,,,,,,
normal,custom,stonecutting,,,,,cobbled_deepslate,1,deepslate_brick_wall,,,,,,,,
normal,custom,stonecutting,,,,,cobbled_deepslate,1,deepslate_bricks,,,,,,,,
normal,custom,stonecutting,,,,,cobbled_deepslate,1,polished_deepslate,,,,,,,,
normal,custom,stonecutting,,,,,cobbled_deepslate,1,polished_deepslate_slab,,,,,,,,
normal,custom,stonecutting,,,,,cobbled_deepslate,1,polished_deepslate_stairs,,,,,,,,
normal,custom,stonecutting,,,,,cobbled_deepslate,1,polished_deepslate_wall,,,,,,,,
normal,custom,stonecutting,,,,,cobblestone,1,chiseled_stone_bricks,,,,,,,,
normal,custom,stonecutting,,,,,cobblestone,1,cobblestone_slab,,,,,,,,
normal,custom,stonecutting,,,,,cobblestone,1,cobblestone_stairs,,,,,,,,
normal,custom,stonecutting,,,,,cobblestone,1,cobblestone_wall,,,,,,,,
normal,custom,stonecutting,,,,,cobblestone,1,cracked_stone_bricks,,,,,,,,
normal,custom,stonecutting,,,,,cobblestone,1,mossy_cobblestone,,,,,,,,
normal,custom,stonecutting,,,,,cobblestone,1,mossy_cobblestone_slab,,,,,,,,
normal,custom,stonecutting,,,,,cobblestone,1,mossy_cobblestone_stairs,,,,,,,,
normal,custom,stonecutting,,,,,cobblestone,1,mossy_cobblestone_wall,,,,,,,,
normal,custom,stonecutting,,,,,cobblestone,1,mossy_stone_brick_slab,,,,,,,,
normal,custom,stonecutting,,,,,cobblestone,1,mossy_stone_brick_stairs,,,,,,,,
normal,custom,stonecutting,,,,,cobblestone,1,mossy_stone_brick_wall,,,,,,,,
normal,custom,stonecutting,,,,,cobblestone,1,mossy_stone_bricks,,,,,,,,
normal,custom,stonecutting,,,,,cobblestone,1,smooth_stone,,,,,,,,
normal,custom,stonecutting,,,,,cobblestone,1,smooth_stone_slab,,,,,,,,
normal,custom,stonecutting,,,,,cobblestone,1,stone,,,,,,,,
normal,custom,stonecutting,,,,,cobblestone,1,stone_brick_slab,,,,,,,,
normal,custom,stonecutting,,,,,cobblestone,1,stone_brick_stairs,,,,,,,,
normal,custom,stonecutting,,,,,cobblestone,1,stone_brick_wall,,,,,,,,
normal,custom,stonecutting,,,,,cobblestone,1,stone_bricks,,,,,,,,
normal,custom,stonecutting,,,,,cobblestone,1,stone_slab,,,,,,,,
normal,custom,stonecutting,,,,,cobblestone,1,stone_stairs,,,,,,,,
normal,custom,stonecutting,,,,,cracked_deepslate_bricks,1,cobbled_deepslate,,,,,,,,
normal,custom,stonecutting,,,,,cracked_deepslate_tiles,1,cobbled_deepslate,,,,,,,,
normal,custom,stonecutting,,,,,cracked_nether_bricks,1,netherrack,,,,,,,,
normal,custom,stonecutting,,,,,cracked_polished_blackstone_bricks,1,blackstone,,,,,,,,
normal,custom,stonecutting,,,,,cracked_stone_bricks,1,cobblestone,,,,,,,,
normal,custom,stonecutting,,,,,crimson_button,1,crimson_planks,,,,,,,,
normal,custom,stonecutting,,,,,crimson_door,1,crimson_planks,,,,,,,,
normal,custom,stonecutting,,,,,crimson_fence,1,crimson_planks,,,,,,,,
normal,custom,stonecutting,,,,,crimson_fence_gate,1,crimson_planks,,,,,,,,
normal,custom,stonecutting,,,,,crimson_hyphae,1,crimson_stem,,,,,,,,
normal,custom,stonecutting,,,,,crimson_planks,1,crimson_button,,,,,,,,
normal,custom,stonecutting,,,,,crimson_planks,1,crimson_door,,,,,,,,
normal,custom,stonecutting,,,,,crimson_planks,1,crimson_fence,,,,,,,,
normal,custom,stonecutting,,,,,crimson_planks,1,crimson_fence_gate,,,,,,,,
normal,custom,stonecutting,,,,,crimson_planks,1,crimson_pressure_plate,,,,,,,,
normal,custom,stonecutting,,,,,crimson_planks,1,crimson_sign,,,,,,,,
normal,custom,stonecutting,,,,,crimson_planks,1,crimson_slab,,,,,,,,
normal,custom,stonecutting,,,,,crimson_planks,1,crimson_stairs,,,,,,,,
normal,custom,stonecutting,,,,,crimson_planks,4,crimson_stem,,,,,,,,
normal,custom,stonecutting,,,,,crimson_planks,1,crimson_trapdoor,,,,,,,,
normal,custom,stonecutting,,,,,crimson_pressure_plate,1,crimson_planks,,,,,,,,
normal,custom,stonecutting,,,,,crimson_sign,1,crimson_planks,,,,,,,,
normal,custom,stonecutting,,,,,crimson_slab,1,crimson_planks,,,,,,,,
normal,custom,stonecutting,,,,,crimson_stairs,1,crimson_planks,,,,,,,,
normal,custom,stonecutting,,,,,crimson_stem,1,crimson_hyphae,,,,,,,,
normal,custom,stonecutting,,,,,crimson_stem,1,stripped_crimson_hyphae,,,,,,,,
normal,custom,stonecutting,,,,,crimson_stem,1,stripped_crimson_stem,,,,,,,,
normal,custom,stonecutting,,,,,crimson_trapdoor,1,crimson_planks,,,,,,,,
normal,custom,stonecutting,,,,,cut_red_sandstone,1,red_sand,,,,,,,,
normal,custom,stonecutting,,,,,cut_red_sandstone_slab,1,red_sand,,,,,,,,
normal,custom,stonecutting,,,,,cut_sandstone,1,sand,,,,,,,,
normal,custom,stonecutting,,,,,cut_sandstone_slab,1,sand,,,,,,,,
normal,custom,stonecutting,,,,,dark_oak_button,1,dark_oak_planks,,,,,,,,
normal,custom,stonecutting,,,,,dark_oak_door,1,dark_oak_planks,,,,,,,,
normal,custom,stonecutting,,,,,dark_oak_fence,1,dark_oak_planks,,,,,,,,
normal,custom,stonecutting,,,,,dark_oak_fence_gate,1,dark_oak_planks,,,,,,,,
normal,custom,stonecutting,,,,,dark_oak_log,1,dark_oak_wood,,,,,,,,
normal,custom,stonecutting,,,,,dark_oak_log,1,stripped_dark_oak_log,,,,,,,,
normal,custom,stonecutting,,,,,dark_oak_log,1,stripped_dark_oak_wood,,,,,,,,
normal,custom,stonecutting,,,,,dark_oak_planks,1,dark_oak_button,,,,,,,,
normal,custom,stonecutting,,,,,dark_oak_planks,1,dark_oak_door,,,,,,,,
normal,custom,stonecutting,,,,,dark_oak_planks,1,dark_oak_fence,,,,,,,,
normal,custom,stonecutting,,,,,dark_oak_planks,1,dark_oak_fence_gate,,,,,,,,
normal,custom,stonecutting,,,,,dark_oak_planks,4,dark_oak_log,,,,,,,,
normal,custom,stonecutting,,,,,dark_oak_planks,1,dark_oak_pressure_plate,,,,,,,,
normal,custom,stonecutting,,,,,dark_oak_planks,1,dark_oak_sign,,,,,,,,
normal,custom,stonecutting,,,,,dark_oak_planks,1,dark_oak_slab,,,,,,,,
normal,custom,stonecutting,,,,,dark_oak_planks,1,dark_oak_stairs,,,,,,,,
normal,custom,stonecutting,,,,,dark_oak_planks,1,dark_oak_trapdoor,,,,,,,,
normal,custom,stonecutting,,,,,dark_oak_pressure_plate,1,dark_oak_planks,,,,,,,,
normal,custom,stonecutting,,,,,dark_oak_sign,1,dark_oak_planks,,,,,,,,
normal,custom,stonecutting,,,,,dark_oak_slab,1,dark_oak_planks,,,,,,,,
normal,custom,stonecutting,,,,,dark_oak_stairs,1,dark_oak_planks,,,,,,,,
normal,custom,stonecutting,,,,,dark_oak_trapdoor,1,dark_oak_planks,,,,,,,,
normal,custom,stonecutting,,,,,dark_oak_wood,1,dark_oak_log,,,,,,,,
normal,custom,stonecutting,,,,,dark_prismarine,1,prismarine,,,,,,,,
normal,custom,stonecutting,,,,,dark_prismarine_slab,1,prismarine,,,,,,,,
normal,custom,stonecutting,,,,,dark_prismarine_stairs,1,prismarine,,,,,,,,
normal,custom,stonecutting,,,,,diorite,1,diorite_slab,,,,,,,,
normal,custom,stonecutting,,,,,diorite,1,diorite_stairs,,,,,,,,
normal,custom,stonecutting,,,,,diorite,1,diorite_wall,,,,,,,,
normal,custom,stonecutting,,,,,diorite,1,polished_diorite,,,,,,,,
normal,custom,stonecutting,,,,,diorite,1,polished_diorite_slab,,,,,,,,
normal,custom,stonecutting,,,,,diorite,1,polished_diorite_stairs,,,,,,,,
normal,custom,stonecutting,,,,,end_stone,1,end_stone_brick_slab,,,,,,,,
normal,custom,stonecutting,,,,,end_stone,1,end_stone_brick_stairs,,,,,,,,
normal,custom,stonecutting,,,,,end_stone,1,end_stone_brick_wall,,,,,,,,
normal,custom,stonecutting,,,,,end_stone,1,end_stone_bricks,,,,,,,,
normal,custom,stonecutting,,,,,granite,1,granite_slab,,,,,,,,
normal,custom,stonecutting,,,,,granite,1,granite_stairs,,,,,,,,
normal,custom,stonecutting,,,,,granite,1,granite_wall,,,,,,,,
normal,custom,stonecutting,,,,,granite,1,polished_granite,,,,,,,,
normal,custom,stonecutting,,,,,granite,1,polished_granite_slab,,,,,,,,
normal,custom,stonecutting,,,,,granite,1,polished_granite_stairs,,,,,,,,
normal,custom,stonecutting,,,,,iron_bars,3,iron_ingot,,,,,,,,
normal,custom,stonecutting,,,,,iron_door,3,iron_ingot,,,,,,,,
normal,custom,stonecutting,,,,,iron_trapdoor,3,iron_ingot,,,,,,,,
normal,custom,stonecutting,,,,,jungle_button,1,jungle_planks,,,,,,,,
normal,custom,stonecutting,,,,,jungle_door,1,jungle_planks,,,,,,,,
normal,custom,stonecutting,,,,,jungle_fence,1,jungle_planks,,,,,,,,
normal,custom,stonecutting,,,,,jungle_fence_gate,1,jungle_planks,,,,,,,,
normal,custom,stonecutting,,,,,jungle_log,1,jungle_wood,,,,,,,,
normal,custom,stonecutting,,,,,jungle_log,1,stripped_jungle_log,,,,,,,,
normal,custom,stonecutting,,,,,jungle_log,1,stripped_jungle_wood,,,,,,,,
normal,custom,stonecutting,,,,,jungle_planks,1,jungle_button,,,,,,,,
normal,custom,stonecutting,,,,,jungle_planks,1,jungle_door,,,,,,,,
normal,custom,stonecutting,,,,,jungle_planks,1,jungle_fence,,,,,,,,
normal,custom,stonecutting,,,,,jungle_planks,1,jungle_fence_gate,,,,,,,,
normal,custom,stonecutting,,,,,jungle_planks,4,jungle_log,,,,,,,,
normal,custom,stonecutting,,,,,jungle_planks,1,jungle_pressure_plate,,,,,,,,
normal,custom,stonecutting,,,,,jungle_planks,1,jungle_sign,,,,,,,,
normal,custom,stonecutting,,,,,jungle_planks,1,jungle_slab,,,,,,,,
normal,custom,stonecutting,,,,,jungle_planks,1,jungle_stairs,,,,,,,,
normal,custom,stonecutting,,,,,jungle_planks,1,jungle_trapdoor,,,,,,,,
normal,custom,stonecutting,,,,,jungle_pressure_plate,1,jungle_planks,,,,,,,,
normal,custom,stonecutting,,,,,jungle_sign,1,jungle_planks,,,,,,,,
normal,custom,stonecutting,,,,,jungle_slab,1,jungle_planks,,,,,,,,
normal,custom,stonecutting,,,,,jungle_stairs,1,jungle_planks,,,,,,,,
normal,custom,stonecutting,,,,,jungle_trapdoor,1,jungle_planks,,,,,,,,
normal,custom,stonecutting,,,,,jungle_wood,1,jungle_log,,,,,,,,
normal,custom,stonecutting,,,,,mossy_cobblestone,1,cobblestone,,,,,,,,
normal,custom,stonecutting,,,,,mossy_cobblestone_slab,1,cobblestone,,,,,,,,
normal,custom,stonecutting,,,,,mossy_cobblestone_stairs,1,cobblestone,,,,,,,,
normal,custom,stonecutting,,,,,mossy_cobblestone_wall,1,cobblestone,,,,,,,,
normal,custom,stonecutting,,,,,mossy_stone_brick_slab,1,cobblestone,,,,,,,,
normal,custom,stonecutting,,,,,mossy_stone_brick_stairs,1,cobblestone,,,,,,,,
normal,custom,stonecutting,,,,,mossy_stone_brick_wall,1,cobblestone,,,,,,,,
normal,custom,stonecutting,,,,,mossy_stone_bricks,1,cobblestone,,,,,,,,
normal,custom,stonecutting,,,,,nether_brick_fence,1,netherrack,,,,,,,,
normal,custom,stonecutting,,,,,nether_brick_slab,1,netherrack,,,,,,,,
normal,custom,stonecutting,,,,,nether_brick_stairs,1,netherrack,,,,,,,,
normal,custom,stonecutting,,,,,nether_brick_wall,1,netherrack,,,,,,,,
normal,custom,stonecutting,,,,,nether_bricks,1,netherrack,,,,,,,,
normal,custom,stonecutting,,,,,netherrack,1,chiseled_nether_bricks,,,,,,,,
normal,custom,stonecutting,,,,,netherrack,1,cracked_nether_bricks,,,,,,,,
normal,custom,stonecutting,,,,,netherrack,1,nether_brick_fence,,,,,,,,
normal,custom,stonecutting,,,,,netherrack,1,nether_brick_slab,,,,,,,,
normal,custom,stonecutting,,,,,netherrack,1,nether_brick_stairs,,,,,,,,
normal,custom,stonecutting,,,,,netherrack,1,nether_brick_wall,,,,,,,,
normal,custom,stonecutting,,,,,netherrack,1,nether_bricks,,,,,,,,
normal,custom,stonecutting,,,,,netherrack,1,red_nether_brick_slab,,,,,,,,
normal,custom,stonecutting,,,,,netherrack,1,red_nether_brick_stairs,,,,,,,,
normal,custom,stonecutting,,,,,netherrack,1,red_nether_brick_wall,,,,,,,,
normal,custom,stonecutting,,,,,netherrack,1,red_nether_bricks,,,,,,,,
normal,custom,stonecutting,,,,,oak_button,1,oak_planks,,,,,,,,
normal,custom,stonecutting,,,,,oak_door,1,oak_planks,,,,,,,,
normal,custom,stonecutting,,,,,oak_fence,1,oak_planks,,,,,,,,
normal,custom,stonecutting,,,,,oak_fence_gate,1,oak_planks,,,,,,,,
normal,custom,stonecutting,,,,,oak_log,1,oak_wood,,,,,,,,
normal,custom,stonecutting,,,,,oak_log,1,stripped_oak_log,,,,,,,,
normal,custom,stonecutting,,,,,oak_log,1,stripped_oak_wood,,,,,,,,
normal,custom,stonecutting,,,,,oak_planks,1,oak_button,,,,,,,,
normal,custom,stonecutting,,,,,oak_planks,1,oak_door,,,,,,,,
normal,custom,stonecutting,,,,,oak_planks,1,oak_fence,,,,,,,,
normal,custom,stonecutting,,,,,oak_planks,1,oak_fence_gate,,,,,,,,
normal,custom,stonecutting,,,,,oak_planks,4,oak_log,,,,,,,,
normal,custom,stonecutting,,,,,oak_planks,1,oak_pressure_plate,,,,,,,,
normal,custom,stonecutting,,,,,oak_planks,1,oak_sign,,,,,,,,
normal,custom,stonecutting,,,,,oak_planks,1,oak_slab,,,,,,,,
normal,custom,stonecutting,,,,,oak_planks,1,oak_stairs,,,,,,,,
normal,custom,stonecutting,,,,,oak_planks,1,oak_trapdoor,,,,,,,,
normal,custom,stonecutting,,,,,oak_pressure_plate,1,oak_planks,,,,,,,,
normal,custom,stonecutting,,,,,oak_sign,1,oak_planks,,,,,,,,
normal,custom,stonecutting,,,,,oak_slab,1,oak_planks,,,,,,,,
normal,custom,stonecutting,,,,,oak_stairs,1,oak_planks,,,,,,,,
normal,custom,stonecutting,,,,,oak_trapdoor,1,oak_planks,,,,,,,,
normal,custom,stonecutting,,,,,oak_wood,1,oak_log,,,,,,,,
normal,custom,stonecutting,,,,,prismarine,1,dark_prismarine,,,,,,,,
normal,custom,stonecutting,,,,,prismarine,1,dark_prismarine_slab,,,,,,,,
normal,custom,stonecutting,,,,,prismarine,1,dark_prismarine_stairs,,,,,,,,
normal,custom,stonecutting,,,,,prismarine,1,prismarine_brick_slab,,,,,,,,
normal,custom,stonecutting,,,,,prismarine,1,prismarine_brick_stairs,,,,,,,,
normal,custom,stonecutting,,,,,prismarine,1,prismarine_bricks,,,,,,,,
normal,custom,stonecutting,,,,,prismarine,1,prismarine_slab,,,,,,,,
normal,custom,stonecutting,,,,,prismarine,1,prismarine_stairs,,,,,,,,
normal,custom,stonecutting,,,,,prismarine,1,prismarine_wall,,,,,,,,
normal,custom,stonecutting,,,,,purpur_block,1,purpur_pillar,,,,,,,,
normal,custom,stonecutting,,,,,purpur_block,1,purpur_slab,,,,,,,,
normal,custom,stonecutting,,,,,purpur_block,1,purpur_stairs,,,,,,,,
normal,custom,stonecutting,,,,,quartz_block,1,chiseled_quartz_block,,,,,,,,
normal,custom,stonecutting,,,,,quartz_block,1,quartz_bricks,,,,,,,,
normal,custom,stonecutting,,,,,quartz_block,1,quartz_pillar,,,,,,,,
normal,custom,stonecutting,,,,,quartz_block,1,quartz_slab,,,,,,,,
normal,custom,stonecutting,,,,,quartz_block,1,quartz_stairs,,,,,,,,
normal,custom,stonecutting,,,,,quartz_block,1,smooth_quartz,,,,,,,,
normal,custom,stonecutting,,,,,quartz_block,1,smooth_quartz_slab,,,,,,,,
normal,custom,stonecutting,,,,,quartz_block,1,smooth_quartz_stairs,,,,,,,,
normal,custom,stonecutting,,,,,red_nether_brick_slab,1,netherrack,,,,,,,,
normal,custom,stonecutting,,,,,red_nether_brick_stairs,1,netherrack,,,,,,,,
normal,custom,stonecutting,,,,,red_nether_brick_wall,1,netherrack,,,,,,,,
normal,custom,stonecutting,,,,,red_nether_bricks,1,netherrack,,,,,,,,
normal,custom,stonecutting,,,,,red_sand,1,chiseled_red_sandstone,,,,,,,,
normal,custom,stonecutting,,,,,red_sand,1,cut_red_sandstone,,,,,,,,
normal,custom,stonecutting,,,,,red_sand,1,cut_red_sandstone_slab,,,,,,,,
normal,custom,stonecutting,,,,,red_sand,1,red_sandstone,,,,,,,,
normal,custom,stonecutting,,,,,red_sand,1,red_sandstone_slab,,,,,,,,
normal,custom,stonecutting,,,,,red_sand,1,red_sandstone_stairs,,,,,,,,
normal,custom,stonecutting,,,,,red_sand,1,red_sandstone_wall,,,,,,,,
normal,custom,stonecutting,,,,,red_sand,1,smooth_red_sandstone,,,,,,,,
normal,custom,stonecutting,,,,,red_sand,1,smooth_red_sandstone_slab,,,,,,,,
normal,custom,stonecutting,,,,,red_sand,1,smooth_red_sandstone_stairs,,,,,,,,
normal,custom,stonecutting,,,,,red_sandstone,1,red_sand,,,,,,,,
normal,custom,stonecutting,,,,,red_sandstone_slab,1,red_sand,,,,,,,,
normal,custom,stonecutting,,,,,red_sandstone_stairs,1,red_sand,,,,,,,,
normal,custom,stonecutting,,,,,red_sandstone_wall,1,red_sand,,,,,,,,
normal,custom,stonecutting,,,,,sand,1,chiseled_sandstone,,,,,,,,
normal,custom,stonecutting,,,,,sand,1,cut_sandstone,,,,,,,,
normal,custom,stonecutting,,,,,sand,1,cut_sandstone_slab,,,,,,,,
normal,custom,stonecutting,,,,,sand,1,sandstone,,,,,,,,
normal,custom,stonecutting,,,,,sand,1,sandstone_slab,,,,,,,,
normal,custom,stonecutting,,,,,sand,1,sandstone_stairs,,,,,,,,
normal,custom,stonecutting,,,,,sand,1,sandstone_wall,,,,,,,,
normal,custom,stonecutting,,,,,sand,1,smooth_sandstone,,,,,,,,
normal,custom,stonecutting,,,,,sand,1,smooth_sandstone_slab,,,,,,,,
normal,custom,stonecutting,,,,,sand,1,smooth_sandstone_stairs,,,,,,,,
normal,custom,stonecutting,,,,,sandstone,1,sand,,,,,,,,
normal,custom,stonecutting,,,,,sandstone_slab,1,sand,,,,,,,,
normal,custom,stonecutting,,,,,sandstone_stairs,1,sand,,,,,,,,
normal,custom,stonecutting,,,,,sandstone_wall,1,sand,,,,,,,,
normal,custom,stonecutting,,,,,smooth_quartz,1,quartz_block,,,,,,,,
normal,custom,stonecutting,,,,,smooth_quartz_slab,1,quartz_block,,,,,,,,
normal,custom,stonecutting,,,,,smooth_quartz_stairs,1,quartz_block,,,,,,,,
normal,custom,stonecutting,,,,,smooth_red_sandstone,1,red_sand,,,,,,,,
normal,custom,stonecutting,,,,,smooth_red_sandstone_slab,1,red_sand,,,,,,,,
normal,custom,stonecutting,,,,,smooth_red_sandstone_stairs,1,red_sand,,,,,,,,
normal,custom,stonecutting,,,,,smooth_sandstone,1,sand,,,,,,,,
normal,custom,stonecutting,,,,,smooth_sandstone_slab,1,sand,,,,,,,,
normal,custom,stonecutting,,,,,smooth_sandstone_stairs,1,sand,,,,,,,,
normal,custom,stonecutting,,,,,smooth_stone,1,cobblestone,,,,,,,,
normal,custom,stonecutting,,,,,smooth_stone_slab,1,cobblestone,,,,,,,,
normal,custom,stonecutting,,,,,spruce_button,1,spruce_planks,,,,,,,,
normal,custom,stonecutting,,,,,spruce_door,1,spruce_planks,,,,,,,,
normal,custom,stonecutting,,,,,spruce_fence,1,spruce_planks,,,,,,,,
normal,custom,stonecutting,,,,,spruce_fence_gate,1,spruce_planks,,,,,,,,
normal,custom,stonecutting,,,,,spruce_log,1,spruce_wood,,,,,,,,
normal,custom,stonecutting,,,,,spruce_log,1,stripped_spruce_log,,,,,,,,
normal,custom,stonecutting,,,,,spruce_log,1,stripped_spruce_wood,,,,,,,,
normal,custom,stonecutting,,,,,spruce_planks,1,spruce_button,,,,,,,,
normal,custom,stonecutting,,,,,spruce_planks,1,spruce_door,,,,,,,,
normal,custom,stonecutting,,,,,spruce_planks,1,spruce_fence,,,,,,,,
normal,custom,stonecutting,,,,,spruce_planks,1,spruce_fence_gate,,,,,,,,
normal,custom,stonecutting,,,,,spruce_planks,4,spruce_log,,,,,,,,
normal,custom,stonecutting,,,,,spruce_planks,1,spruce_pressure_plate,,,,,,,,
normal,custom,stonecutting,,,,,spruce_planks,1,spruce_sign,,,,,,,,
normal,custom,stonecutting,,,,,spruce_planks,1,spruce_slab,,,,,,,,
normal,custom,stonecutting,,,,,spruce_planks,1,spruce_stairs,,,,,,,,
normal,custom,stonecutting,,,,,spruce_planks,1,spruce_trapdoor,,,,,,,,
normal,custom,stonecutting,,,,,spruce_pressure_plate,1,spruce_planks,,,,,,,,
normal,custom,stonecutting,,,,,spruce_sign,1,spruce_planks,,,,,,,,
normal,custom,stonecutting,,,,,spruce_slab,1,spruce_planks,,,,,,,,
normal,custom,stonecutting,,,,,spruce_stairs,1,spruce_planks,,,,,,,,
normal,custom,stonecutting,,,,,spruce_trapdoor,1,spruce_planks,,,,,,,,
normal,custom,stonecutting,,,,,spruce_wood,1,spruce_log,,,,,,,,
normal,custom,stonecutting,,,,,stone_brick_slab,1,cobblestone,,,,,,,,
normal,custom,stonecutting,,,,,stone_brick_stairs,1,cobblestone,,,,,,,,
normal,custom,stonecutting,,,,,stone_brick_wall,1,cobblestone,,,,,,,,
normal,custom,stonecutting,,,,,stone_bricks,1,cobblestone,,,,,,,,
normal,custom,stonecutting,,,,,stone_slab,1,cobblestone,,,,,,,,
normal,custom,stonecutting,,,,,stone_stairs,1,cobblestone,,,,,,,,
normal,custom,stonecutting,,,,,stripped_acacia_log,1,acacia_log,,,,,,,,
normal,custom,stonecutting,,,,,stripped_acacia_wood,1,acacia_log,,,,,,,,
normal,custom,stonecutting,,,,,stripped_birch_log,1,birch_log,,,,,,,,
normal,custom,stonecutting,,,,,stripped_birch_wood,1,birch_log,,,,,,,,
normal,custom,stonecutting,,,,,stripped_crimson_hyphae,1,crimson_stem,,,,,,,,
normal,custom,stonecutting,,,,,stripped_crimson_stem,1,crimson_stem,,,,,,,,
normal,custom,stonecutting,,,,,stripped_dark_oak_log,1,dark_oak_log,,,,,,,,
normal,custom,stonecutting,,,,,stripped_dark_oak_wood,1,dark_oak_log,,,,,,,,
normal,custom,stonecutting,,,,,stripped_jungle_log,1,jungle_log,,,,,,,,
normal,custom,stonecutting,,,,,stripped_jungle_wood,1,jungle_log,,,,,,,,
normal,custom,stonecutting,,,,,stripped_oak_log,1,oak_log,,,,,,,,
normal,custom,stonecutting,,,,,stripped_oak_wood,1,oak_log,,,,,,,,
normal,custom,stonecutting,,,,,stripped_spruce_log,1,spruce_log,,,,,,,,
normal,custom,stonecutting,,,,,stripped_spruce_wood,1,spruce_log,,,,,,,,
normal,custom,stonecutting,,,,,stripped_warped_hyphae,1,warped_stem,,,,,,,,
normal,custom,stonecutting,,,,,stripped_warped_stem,1,warped_stem,,,,,,,,
normal,custom,stonecutting,,,,,terracotta,1,brick_slab,,,,,,,,
normal,custom,stonecutting,,,,,terracotta,1,brick_stairs,,,,,,,,
normal,custom,stonecutting,,,,,terracotta,1,brick_wall,,,,,,,,
normal,custom,stonecutting,,,,,terracotta,1,bricks,,,,,,,,
normal,custom,stonecutting,,,,,warped_button,1,warped_planks,,,,,,,,
normal,custom,stonecutting,,,,,warped_door,1,warped_planks,,,,,,,,
normal,custom,stonecutting,,,,,warped_fence,1,warped_planks,,,,,,,,
normal,custom,stonecutting,,,,,warped_fence_gate,1,warped_planks,,,,,,,,
normal,custom,stonecutting,,,,,warped_hyphae,1,warped_stem,,,,,,,,
normal,custom,stonecutting,,,,,warped_planks,1,warped_button,,,,,,,,
normal,custom,stonecutting,,,,,warped_planks,1,warped_door,,,,,,,,
normal,custom,stonecutting,,,,,warped_planks,1,warped_fence,,,,,,,,
normal,custom,stonecutting,,,,,warped_planks,1,warped_fence_gate,,,,,,,,
normal,custom,stonecutting,,,,,warped_planks,1,warped_pressure_plate,,,,,,,,
normal,custom,stonecutting,,,,,warped_planks,1,warped_sign,,,,,,,,
normal,custom,stonecutting,,,,,warped_planks,1,warped_slab,,,,,,,,
normal,custom,stonecutting,,,,,warped_planks,1,warped_stairs,,,,,,,,
normal,custom,stonecutting,,,,,warped_planks,4,warped_stem,,,,,,,,
normal,custom,stonecutting,,,,,warped_planks,1,warped_trapdoor,,,,,,,,
normal,custom,stonecutting,,,,,warped_pressure_plate,1,warped_planks,,,,,,,,
normal,custom,stonecutting,,,,,warped_sign,1,warped_planks,,,,,,,,
normal,custom,stonecutting,,,,,warped_slab,1,warped_planks,,,,,,,,
normal,custom,stonecutting,,,,,warped_stairs,1,warped_planks,,,,,,,,
normal,custom,stonecutting,,,,,warped_stem,1,stripped_warped_hyphae,,,,,,,,
normal,custom,stonecutting,,,,,warped_stem,1,stripped_warped_stem,,,,,,,,
normal,custom,stonecutting,,,,,warped_stem,1,warped_hyphae,,,,,,,,
normal,custom,stonecutting,,,,,warped_trapdoor,1,warped_planks,,,,,,,,
void,vanilla,crafting_shaped,,building_blocks,,,acacia_slab,,,,,,,,,,
void,vanilla,crafting_shaped,,building_blocks,,,andesite_slab,,,,,,,,,,
void,vanilla,crafting_shaped,,building_blocks,,,birch_slab,,,,,,,,,,
void,vanilla,crafting_shaped,,building_blocks,,,blackstone_slab,,,,,,,,,,
void,vanilla,crafting_shaped,,building_blocks,,,brick_slab,,,,,,,,,,
void,vanilla,crafting_shaped,,building_blocks,,,cobbled_deepslate_slab,,,,,,,,,,
void,vanilla,crafting_shaped,,building_blocks,,,cobblestone_slab,,,,,,,,,,
void,vanilla,crafting_shaped,,building_blocks,,,crimson_slab,,,,,,,,,,
void,vanilla,crafting_shaped,,building_blocks,,,cut_copper_slab,,,,,,,,,,
void,vanilla,crafting_shaped,,building_blocks,,,cut_red_sandstone_slab,,,,,,,,,,
void,vanilla,crafting_shaped,,building_blocks,,,cut_sandstone_slab,,,,,,,,,,
void,vanilla,crafting_shaped,,building_blocks,,,dark_oak_slab,,,,,,,,,,
void,vanilla,crafting_shaped,,building_blocks,,,dark_prismarine_slab,,,,,,,,,,
void,vanilla,crafting_shaped,,building_blocks,,,deepslate_brick_slab,,,,,,,,,,
void,vanilla,crafting_shaped,,building_blocks,,,deepslate_tile_slab,,,,,,,,,,
void,vanilla,crafting_shaped,,building_blocks,,,diorite_slab,,,,,,,,,,
void,vanilla,crafting_shaped,,building_blocks,,,end_stone_brick_slab,,,,,,,,,,
void,vanilla,crafting_shaped,,building_blocks,,,exposed_cut_copper_slab,,,,,,,,,,
void,vanilla,crafting_shaped,,building_blocks,,,granite_slab,,,,,,,,,,
void,vanilla,crafting_shaped,,building_blocks,,,jungle_slab,,,,,,,,,,
void,vanilla,crafting_shaped,,building_blocks,,,mangrove_slab,,,,,,,,,,
void,vanilla,crafting_shaped,,building_blocks,,,mossy_cobblestone_slab,,,,,,,,,,
void,vanilla,crafting_shaped,,building_blocks,,,mossy_stone_brick_slab,,,,,,,,,,
void,vanilla,crafting_shaped,,building_blocks,,,mud_brick_slab,,,,,,,,,,
void,vanilla,crafting_shaped,,building_blocks,,,nether_brick_slab,,,,,,,,,,
void,vanilla,crafting_shaped,,building_blocks,,,oak_slab,,,,,,,,,,
void,vanilla,crafting_shaped,,building_blocks,,,oxidized_cut_copper_slab,,,,,,,,,,
void,vanilla,crafting_shaped,,building_blocks,,,polished_andesite_slab,,,,,,,,,,
void,vanilla,crafting_shaped,,building_blocks,,,polished_blackstone_brick_slab,,,,,,,,,,
void,vanilla,crafting_shaped,,building_blocks,,,polished_blackstone_slab,,,,,,,,,,
void,vanilla,crafting_shaped,,building_blocks,,,polished_deepslate_slab,,,,,,,,,,
void,vanilla,crafting_shaped,,building_blocks,,,polished_diorite_slab,,,,,,,,,,
void,vanilla,crafting_shaped,,building_blocks,,,polished_granite_slab,,,,,,,,,,
void,vanilla,crafting_shaped,,building_blocks,,,prismarine_brick_slab,,,,,,,,,,
void,vanilla,crafting_shaped,,building_blocks,,,prismarine_slab,,,,,,,,,,
void,vanilla,crafting_shaped,,building_blocks,,,purpur_slab,,,,,,,,,,
void,vanilla,crafting_shaped,,building_blocks,,,quartz_slab,,,,,,,,,,
void,vanilla,crafting_shaped,,building_blocks,,,red_nether_brick_slab,,,,,,,,,,
void,vanilla,crafting_shaped,,building_blocks,,,red_sandstone_slab,,,,,,,,,,
void,vanilla,crafting_shaped,,building_blocks,,,sandstone_slab,,,,,,,,,,
void,vanilla,crafting_shaped,,building_blocks,,,smooth_quartz_slab,,,,,,,,,,
void,vanilla,crafting_shaped,,building_blocks,,,smooth_red_sandstone_slab,,,,,,,,,,
void,vanilla,crafting_shaped,,building_blocks,,,smooth_sandstone_slab,,,,,,,,,,
void,vanilla,crafting_shaped,,building_blocks,,,smooth_stone_slab,,,,,,,,,,
void,vanilla,crafting_shaped,,building_blocks,,,spruce_slab,,,,,,,,,,
void,vanilla,crafting_shaped,,building_blocks,,,stone_brick_slab,,,,,,,,,,
void,vanilla,crafting_shaped,,building_blocks,,,stone_slab,,,,,,,,,,
void,vanilla,crafting_shaped,,building_blocks,,,warped_slab,,,,,,,,,,
void,vanilla,crafting_shaped,,building_blocks,,,waxed_cut_copper_slab,,,,,,,,,,
custom,vanilla,crafting_shaped,,building_blocks,,,waxed_cut_copper_slab_from_honeycomb,,,,,,,,,,
void,vanilla,crafting_shaped,,building_blocks,,,waxed_exposed_cut_copper_slab,,,,,,,,,,
custom,vanilla,crafting_shaped,,building_blocks,,,waxed_exposed_cut_copper_slab_from_honeycomb,,,,,,,,,,
void,vanilla,crafting_shaped,,building_blocks,,,waxed_oxidized_cut_copper_slab,,,,,,,,,,
custom,vanilla,crafting_shaped,,building_blocks,,,waxed_oxidized_cut_copper_slab_from_honeycomb,,,,,,,,,,
void,vanilla,crafting_shaped,,building_blocks,,,waxed_weathered_cut_copper_slab,,,,,,,,,,
custom,vanilla,crafting_shaped,,building_blocks,,,waxed_weathered_cut_copper_slab_from_honeycomb,,,,,,,,,,
void,vanilla,crafting_shaped,,building_blocks,,,weathered_cut_copper_slab,,,,,,,,,,
normal,vanilla,stonecutting,,building_blocks,,,andesite_slab,1,andesite,,,,,,,,
normal,vanilla,stonecutting,,building_blocks,,,andesite_stairs,1,andesite,,,,,,,,
normal,vanilla,stonecutting,,building_blocks,,,andesite_wall,1,andesite,,,,,,,,
normal,vanilla,stonecutting,,building_blocks,,,blackstone_slab,1,blackstone,,,,,,,,
normal,vanilla,stonecutting,,building_blocks,,,blackstone_stairs,1,blackstone,,,,,,,,
normal,vanilla,stonecutting,,building_blocks,,,blackstone_wall,1,blackstone,,,,,,,,
normal,vanilla,stonecutting,,building_blocks,,,chiseled_deepslate,1,cobbled_deepslate,,,,,,,,
normal,vanilla,stonecutting,,building_blocks,,,chiseled_polished_blackstone,1,blackstone,,,,,,,,
normal,vanilla,stonecutting,,building_blocks,,,chiseled_quartz_block,1,quartz_block,,,,,,,,
normal,vanilla,stonecutting,,building_blocks,,,cobbled_deepslate_slab,1,cobbled_deepslate,,,,,,,,
normal,vanilla,stonecutting,,building_blocks,,,cobbled_deepslate_stairs,1,cobbled_deepslate,,,,,,,,
normal,vanilla,stonecutting,,building_blocks,,,cobbled_deepslate_wall,1,cobbled_deepslate,,,,,,,,
normal,vanilla,stonecutting,,building_blocks,,,cobblestone_slab,1,cobblestone,,,,,,,,
normal,vanilla,stonecutting,,building_blocks,,,cobblestone_stairs,1,cobblestone,,,,,,,,
normal,vanilla,stonecutting,,building_blocks,,,cobblestone_wall,1,cobblestone,,,,,,,,
normal,vanilla,stonecutting,,building_blocks,,,deepslate_brick_slab,1,cobbled_deepslate,,,,,,,,
normal,vanilla,stonecutting,,building_blocks,,,deepslate_brick_stairs,1,cobbled_deepslate,,,,,,,,
normal,vanilla,stonecutting,,building_blocks,,,deepslate_brick_wall,1,cobbled_deepslate,,,,,,,,
normal,vanilla,stonecutting,,building_blocks,,,deepslate_bricks,1,cobbled_deepslate,,,,,,,,
normal,vanilla,stonecutting,,building_blocks,,,diorite_slab,1,diorite,,,,,,,,
normal,vanilla,stonecutting,,building_blocks,,,diorite_stairs,1,diorite,,,,,,,,
normal,vanilla,stonecutting,,building_blocks,,,diorite_wall,1,diorite,,,,,,,,
normal,vanilla,stonecutting,,building_blocks,,,end_stone_brick_slab,1,end_stone,,,,,,,,
normal,vanilla,stonecutting,,building_blocks,,,end_stone_brick_stairs,1,end_stone,,,,,,,,
normal,vanilla,stonecutting,,building_blocks,,,end_stone_brick_wall,1,end_stone,,,,,,,,
normal,vanilla,stonecutting,,building_blocks,,,end_stone_bricks,1,end_stone,,,,,,,,
normal,vanilla,stonecutting,,building_blocks,,,granite_slab,1,granite,,,,,,,,
normal,vanilla,stonecutting,,building_blocks,,,granite_stairs,1,granite,,,,,,,,
normal,vanilla,stonecutting,,building_blocks,,,granite_wall,1,granite,,,,,,,,
normal,vanilla,stonecutting,,building_blocks,,,polished_andesite,1,andesite,,,,,,,,
normal,vanilla,stonecutting,,building_blocks,,,polished_andesite_slab,1,andesite,,,,,,,,
normal,vanilla,stonecutting,,building_blocks,,,polished_andesite_stairs,1,andesite,,,,,,,,
normal,vanilla,stonecutting,,building_blocks,,,polished_blackstone,1,blackstone,,,,,,,,
normal,vanilla,stonecutting,,building_blocks,,,polished_blackstone_brick_slab,1,blackstone,,,,,,,,
normal,vanilla,stonecutting,,building_blocks,,,polished_blackstone_brick_stairs,1,blackstone,,,,,,,,
normal,vanilla,stonecutting,,building_blocks,,,polished_blackstone_brick_wall,1,blackstone,,,,,,,,
normal,vanilla,stonecutting,,building_blocks,,,polished_blackstone_bricks,1,blackstone,,,,,,,,
normal,vanilla,stonecutting,,building_blocks,,,polished_blackstone_button,1,blackstone,,,,,,,,
normal,vanilla,stonecutting,,building_blocks,,,polished_blackstone_pressure_plate,1,blackstone,,,,,,,,
normal,vanilla,stonecutting,,building_blocks,,,polished_blackstone_slab,1,blackstone,,,,,,,,
normal,vanilla,stonecutting,,building_blocks,,,polished_blackstone_stairs,1,blackstone,,,,,,,,
normal,vanilla,stonecutting,,building_blocks,,,polished_blackstone_wall,1,blackstone,,,,,,,,
normal,vanilla,stonecutting,,building_blocks,,,polished_deepslate,1,cobbled_deepslate,,,,,,,,
normal,vanilla,stonecutting,,building_blocks,,,polished_deepslate_slab,1,cobbled_deepslate,,,,,,,,
normal,vanilla,stonecutting,,building_blocks,,,polished_deepslate_stairs,1,cobbled_deepslate,,,,,,,,
normal,vanilla,stonecutting,,building_blocks,,,polished_deepslate_wall,1,cobbled_deepslate,,,,,,,,
normal,vanilla,stonecutting,,building_blocks,,,polished_diorite,1,diorite,,,,,,,,
normal,vanilla,stonecutting,,building_blocks,,,polished_diorite_slab,1,diorite,,,,,,,,
normal,vanilla,stonecutting,,building_blocks,,,polished_diorite_stairs,1,diorite,,,,,,,,
normal,vanilla,stonecutting,,building_blocks,,,polished_granite,1,granite,,,,,,,,
normal,vanilla,stonecutting,,building_blocks,,,polished_granite_slab,1,granite,,,,,,,,
normal,vanilla,stonecutting,,building_blocks,,,polished_granite_stairs,1,granite,,,,,,,,
normal,vanilla,stonecutting,,building_blocks,,,prismarine_brick_slab,1,prismarine,,,,,,,,
normal,vanilla,stonecutting,,building_blocks,,,prismarine_brick_stairs,1,prismarine,,,,,,,,
normal,vanilla,stonecutting,,building_blocks,,,prismarine_bricks,1,prismarine,,,,,,,,
normal,vanilla,stonecutting,,building_blocks,,,prismarine_slab,1,prismarine,,,,,,,,
normal,vanilla,stonecutting,,building_blocks,,,prismarine_stairs,1,prismarine,,,,,,,,
normal,vanilla,stonecutting,,building_blocks,,,prismarine_wall,1,prismarine,,,,,,,,
normal,vanilla,stonecutting,,building_blocks,,,purpur_pillar,1,purpur_block,,,,,,,,
normal,vanilla,stonecutting,,building_blocks,,,purpur_slab,1,purpur_block,,,,,,,,
normal,vanilla,stonecutting,,building_blocks,,,purpur_stairs,1,purpur_block,,,,,,,,
normal,vanilla,stonecutting,,building_blocks,,,quartz_bricks,1,quartz_block,,,,,,,,
normal,vanilla,stonecutting,,building_blocks,,,quartz_pillar,1,quartz_block,,,,,,,,
normal,vanilla,stonecutting,,building_blocks,,,quartz_slab,1,quartz_block,,,,,,,,
normal,vanilla,stonecutting,,building_blocks,,,quartz_stairs,1,quartz_block,,,,,,,,
void,vanilla,stonecutting,,building_blocks,,,brick_slab,,bricks,,,,,,,,
void,vanilla,stonecutting,,building_blocks,,,cut_copper_slab,,copper_block,,,,,,,,
void,vanilla,stonecutting,,building_blocks,,,cut_copper_slab,,cut_copper,,,,,,,,
void,vanilla,stonecutting,,building_blocks,,,cut_red_sandstone_slab,,cut_red_sandstone,,,,,,,,
void,vanilla,stonecutting,,building_blocks,,,cut_red_sandstone_slab,,red_sandstone,,,,,,,,
void,vanilla,stonecutting,,building_blocks,,,cut_sandstone_slab,,cut_sandstone,,,,,,,,
void,vanilla,stonecutting,,building_blocks,,,cut_sandstone_slab,,sandstone,,,,,,,,
void,vanilla,stonecutting,,building_blocks,,,dark_prismarine_slab,,dark_prismarine,,,,,,,,
void,vanilla,stonecutting,,building_blocks,,,deepslate_brick_slab,,deepslate_bricks,,,,,,,,
void,vanilla,stonecutting,,building_blocks,,,deepslate_brick_slab,,polished_deepslate,,,,,,,,
void,vanilla,stonecutting,,building_blocks,,,deepslate_tile_slab,,cobbled_deepslate,,,,,,,,
void,vanilla,stonecutting,,building_blocks,,,deepslate_tile_slab,,deepslate_bricks,,,,,,,,
void,vanilla,stonecutting,,building_blocks,,,deepslate_tile_slab,,deepslate_tiles,,,,,,,,
void,vanilla,stonecutting,,building_blocks,,,deepslate_tile_slab,,polished_deepslate,,,,,,,,
void,vanilla,stonecutting,,building_blocks,,,end_stone_brick_slab,,end_stone_brick,,,,,,,,
void,vanilla,stonecutting,,building_blocks,,,exposed_cut_copper_slab,,exposed_copper,,,,,,,,
void,vanilla,stonecutting,,building_blocks,,,exposed_cut_copper_slab,,exposed_cut_copper,,,,,,,,
void,vanilla,stonecutting,,building_blocks,,,mossy_cobblestone_slab,,mossy_cobblestone,,,,,,,,
void,vanilla,stonecutting,,building_blocks,,,mossy_stone_brick_slab,,mossy_stone_brick,,,,,,,,
void,vanilla,stonecutting,,building_blocks,,,mud_brick_slab,,mud_bricks,,,,,,,,
void,vanilla,stonecutting,,building_blocks,,,nether_brick_slab,,nether_bricks,,,,,,,,
void,vanilla,stonecutting,,building_blocks,,,oxidized_cut_copper_slab,,oxidized_copper,,,,,,,,
void,vanilla,stonecutting,,building_blocks,,,oxidized_cut_copper_slab,,oxidized_cut_copper,,,,,,,,
void,vanilla,stonecutting,,building_blocks,,,polished_andesite_slab,,polished_andesite,,,,,,,,
void,vanilla,stonecutting,,building_blocks,,,polished_blackstone_brick_slab,,polished_blackstone_bricks,,,,,,,,
void,vanilla,stonecutting,,building_blocks,,,polished_blackstone_brick_slab,,polished_blackstone,,,,,,,,
void,vanilla,stonecutting,,building_blocks,,,polished_blackstone_slab,,polished_blackstone,,,,,,,,
void,vanilla,stonecutting,,building_blocks,,,polished_deepslate_slab,,polished_deepslate,,,,,,,,
void,vanilla,stonecutting,,building_blocks,,,polished_diorite_slab,,polished_diorite,,,,,,,,
void,vanilla,stonecutting,,building_blocks,,,polished_granite_slab,,polished_granite,,,,,,,,
review,vanilla,stonecutting,,building_blocks,,,quartz_slab_from_stonecutting,,,,,,,,,,
void,vanilla,stonecutting,,building_blocks,,,red_nether_brick_slab,,red_nether_bricks,,,,,,,,
void,vanilla,stonecutting,,building_blocks,,,red_sandstone_slab,,red_sandstone,,,,,,,,
void,vanilla,stonecutting,,building_blocks,,,sandstone_slab,,sandstone,,,,,,,,
void,vanilla,stonecutting,,building_blocks,,,smooth_quartz_slab,,smooth_quartz,,,,,,,,
void,vanilla,stonecutting,,building_blocks,,,smooth_red_sandstone_slab,,smooth_red_sandstone,,,,,,,,
void,vanilla,stonecutting,,building_blocks,,,smooth_sandstone_slab,,smooth_sandstone,,,,,,,,
void,vanilla,stonecutting,,building_blocks,,,smooth_stone_slab,,smooth_stone,,,,,,,,
void,vanilla,stonecutting,,building_blocks,,,stone_brick_slab,,stone_bricks,,,,,,,,
void,vanilla,stonecutting,,building_blocks,,,stone_brick_slab,,stone,,,,,,,,
void,vanilla,stonecutting,,building_blocks,,,stone_slab,,stone,,,,,,,,
void,vanilla,stonecutting,,building_blocks,,,waxed_cut_copper_slab,,waxed_copper_block,,,,,,,,
void,vanilla,stonecutting,,building_blocks,,,waxed_cut_copper_slab,,waxed_cut_copper,,,,,,,,
void,vanilla,stonecutting,,building_blocks,,,waxed_exposed_cut_copper_slab,,waxed_exposed_copper,,,,,,,,
void,vanilla,stonecutting,,building_blocks,,,waxed_exposed_cut_copper_slab,,waxed_exposed_cut_copper,,,,,,,,
void,vanilla,stonecutting,,building_blocks,,,waxed_oxidized_cut_copper_slab,,waxed_oxidized_copper,,,,,,,,
void,vanilla,stonecutting,,building_blocks,,,waxed_oxidized_cut_copper_slab,,waxed_oxidized_cut_copper,,,,,,,,
void,vanilla,stonecutting,,building_blocks,,,waxed_weathered_cut_copper_slab,,waxed_weathered_copper,,,,,,,,
void,vanilla,stonecutting,,building_blocks,,,waxed_weathered_cut_copper_slab,,waxed_weathered_cut_copper,,,,,,,,
void,vanilla,stonecutting,,building_blocks,,,weathered_cut_copper_slab,,weathered_copper,,,,,,,,
void,vanilla,stonecutting,,building_blocks,,,weathered_cut_copper_slab,,weathered_cut_copper,,,,,,,,
normal,custom,crafting_shapeless,,,,,phantom_membrane,1,elytra,elytra,,,,,,,
normal,custom,crafting_shapeless,,,,,flint,1,gravel,,,,,,,,